No.,Type code,Item code,Spec,Unit,Đơn giá TK
1,NVL,6850EC3006V-C,"WM FX Best US,,Harness Single,Kepler Washer",EA,3882
2,NVL,6850EC3006X-C,"WM F/L24,Harness Single,24WT PCB Joint",EA,4028
3,NVL,7200007556-C,"ATM Harness,,Harness Multi,HyoSung TNS Main",EA,247550
4,NVL,7200007556-C-TUBC-210,"ATM Harness,,Harness Multi,CABLE_ASSY_WIRING HARNESS_MX2600_BODY",EA,242
5,NVL,7200007689-C,"ATM Harness,,Harness Multi,HyoSung TNS Main",EA,236511
6,NVL,7200007689-C-TUBC-210,"ATM Harness,,Harness Multi,CABLE_ASSY_WIRING HARNESS_MX2800SE_BODY",EA,242
7,NVL,BAGA00005NA,",,BAG PE,PE BAG 100*150*1T WH(FLAME RETARDANT)-VN",EA,678
8,NVL,BAGA00007NA,",,BAG PE,PE BAG 100*200*1T WH(FLAME RETARDANT)",EA,775
9,NVL,BAGA00011NA,",,BAG PE,PE BAG 100*280*1T WH(FLAME RETARDANT)",EA,1092
10,NVL,BAGA00033NA,",,BAG PE,PE BAG 100*140*1T WH (FLAME RETARDANT)",EA,642
11,NVL,BAGC00005NA,",,BAG AIR CAP,50*80",EA,150
12,NVL,BAGD00004NA,",,BAG PVC,T0.0001*170*240",EA,354
13,NVL,BNDC00002NA,",,BAND RUBBER,15PHI",EA,10
14,NVL,CATX00032NA,",,CABLE TIE ,CMT-150 WH",EA,443
15,NVL,CATX00053NA,",,CABLE TIE ,PMT-165 BL",EA,500
16,NVL,CATX00072NA,",,CABLE TIE ,CABLE TIE 100MM",EA,51
17,NVL,CORX00015NA,",,CORE ,CM3115BG",EA,8609
18,NVL,CORX00016NA,",,CORE,CM3615BG",EA,8741
19,NVL,CORX00035NA,",,CORE ,OP 14A",EA,1453
20,NVL,CORX00038NA,",,CORE ,OP 18A",EA,2124
21,NVL,CORX00081NA,",,CORE ,TR 19*13*11 G8A",EA,1881
22,NVL,CORX00181NA,",,CORE,NR23G1",EA,5532
23,NVL,COVC00042NA,",,COVER HOUSING(PVC),DDICH-4P-KN",EA,868
24,NVL,COVC00047NA,",,COVER HOUSING(PVC),DDICH 6P-N(TI)",EA,1302
25,NVL,EAD60704053-C,"Ref,Harness Assembly,Ref SxS PCB Display Joint",EA,2840
26,NVL,EAD60843547-C,"Dryer Main ELEC,,Harness Multi,Victor2(D) Steam EUS",EA,292727
27,NVL,EAD60946255-C,"Dryer Main ELEC,,Harness Multi,TD(D) 27"" Pro2",EA,103418
28,NVL,EAD61212398-C,"WM F/L 24,Harness Single,VX Display joint",EA,4875
29,NVL,EAD61749501-C,"Ref,Harness Single,Majesty Pantry PCB joint",EA,2229
30,NVL,EAD62061319-C,"WM F/L 24,,Harness Single,Vivace onboarding",EA,5911
31,NVL,EAD62090005-C,"Ref,,Harness Assembly,Raptor7 (Pillar joint)",EA,5220
32,NVL,EAD62428629-C,"Ref,,Harness Assembly,Raptor7 (Comp Joint)",EA,6805
33,NVL,EAD62428629-C-TUBA-085,"Ref,,Harness Assembly,Raptor7 (Comp Joint)",EA,445
34,NVL,EAD62468244-C,"WM F/L 24,,Harness Single,Victor 2 (Joint) V+",EA,854
35,NVL,EAD63845502-C,"Ref,,Harness Assembly,Ref Majesty 4D (Wifi Joint)",EA,1319
36,NVL,EAD63911344-C,"Ref,,Harness Assembly,T-VN6 F (CF Main)",EA,108080
37,NVL,EAD63911344-C-TUBA-089,"Ref,,Harness Assembly-Tube,T-VN6 F (CF Main)",EA,249
38,NVL,EAD63911348-C,"Ref,Harness Multi,Raptor2 (B) US (CF Main)",EA,81869
39,NVL,EAD63911348-C-TUBA-089,"Ref,Harness Multi,Raptor2 (B) US (CF Main)",EA,249
40,NVL,EAD63911352-C,"Ref,Harness Multi,Ref VB26 Main",EA,84022
41,NVL,EAD63911352-C-TUBA-089,"Ref,Harness Multi,Ref VB26 Main",EA,249
42,NVL,EAD63911358-C,"Ref,Harness Multi,F-VN6 B India (CF Main)",EA,85487
43,NVL,EAD63911358-C-TUBA-089,"Ref,Harness Multi,F-VN6 B India (CF Main)",EA,249
44,NVL,EAD63911418-C,"Ref,,Harness Assembly,T-VN6 F (Case joint)",EA,57807
45,NVL,EAD63911420-C,"Ref,Harness Assembly,F-VN7 (Cabinet)",EA,46464
46,NVL,EAD63911511-C,"Ref,Harness Assembly,Ref VB26 Assembly",EA,5936
47,NVL,EAD63913527-C,"Ref,,Harness Multi,QT20 Main assembly",EA,91135
48,NVL,EAD63913527-C-TUBA-089,"Ref,,Harness Multi,QT20 Main assembly",EA,1058
49,NVL,EAD63913527-C-TUBC-114,"Ref,,Harness Multi,QT20 Main assembly",EA,195
50,NVL,EAD63913529-C,"Ref,Harness Multi,QT20 Saudi Main Assembly",EA,96818
51,NVL,EAD63913529-C-TUBA-089,"Ref,Harness Multi,WIP TUBE QT20 Saudi Main Assembly",EA,1058
52,NVL,EAD63913529-C-TUBC-114,"Ref,Harness Multi,WIP TUBE QT20 Saudi Main Assembly",EA,194
53,NVL,EAD63954790-C,"WM T/L23,Harness Single,VBT23 VN Main",EA,32628
54,NVL,EAD63954791-C,"WM T/L23,Harness Single,VBT23 Korea Main",EA,34528
55,NVL,EAD64109903-C,"Ref,Harness Single,Majesty Holder Rail Joint",EA,1008
56,NVL,EAD64149412-C,"WM T/L23,Harness Single,VBT23 Motor",EA,24845
57,NVL,EAD64169013-C,"WM F/L24,,Harness Multi,Vivace Pro C4R WD",EA,115677
58,NVL,EAD64169013-C-TUBC-101,"WM F/L24,,Harness Multi,Vivace Pro C4R WD",EA,144
59,NVL,EAD64169020-C,"WM F/L24,,Harness Multi,FL24 Vivace V900 WD US",EA,146203
60,NVL,EAD64169021-C,"WM F/L24,,Harness Multi,Vivace Original WD Vietnam",EA,134200
61,NVL,EAD64169024-C,"WM F/L24,,Harness Multi,FL24 Vivace V700 WD Peru",EA,140576
62,NVL,EAD64545319-C,"WM F/L 27,,Harness Multi,Victor2 799 VH",EA,55610
63,NVL,EAD64545339-C,"WM F/L 27 CKD,,Harness Multi,Victor 2 Refresh better TN",EA,79940
64,NVL,EAD64545383-C,"WM F/L 27,,Harness Multi,Victor2Refresh 5.0 KR",EA,87475
65,NVL,EAD64545392-C,"WM F/L 27,,Harness Multi,FX Best US in VH",EA,117882
66,NVL,EAD64545392-C-TUBA-075,"WM F/L 27,,Harness Multi,FX Best US in VH",EA,389
67,NVL,EAD64545399-C,"WM F/L 27,,Harness Multi,FX Better US",EA,99404
68,NVL,EAD64545802-C,"WM F/L27,,Harness Single,Victor2",EA,2562
69,NVL,EAD64545802-C-TUBA-075,"WM F/L27,,Harness Single,Victor2",EA,522
70,NVL,EAD64587804-C,"WM F/L27,,Harness Single,Victor2(W)",EA,4356
71,NVL,EAD64587813-C,"WM FX Best US,,Harness Single,Rotary",EA,5206
72,NVL,EAD64587836-C,"WM F/L27,Harness Single,FX (D) new LCD Molding wire",EA,11202
73,NVL,EAD64745627-C,"Ref,,Harness Assembly,Ref Majesty 3D (Case)",EA,57877
74,NVL,EAD64745815-C,"Ref,,Harness Assembly,Ref Majesty (Door)",EA,97948
75,NVL,EAD64745815-C-TUBC-212,"Ref,Harness Assembly,WIP-Tube Ref Majesty (Door)",EA,213
76,NVL,EAD64745815-C-TUBC-214,"Ref,Harness Assembly,WIP-Tube Ref Majesty (Door)",EA,261
77,NVL,EAD64765409-C,"WM F/L 24,Harness Single,VX PCB Molding wire",EA,5141
78,NVL,EAD65606208-C,"Ref,Harness Assembly,Raptor2 (B) US (Cabinet)",EA,42655
79,NVL,EAD65606209-C,"Ref,Harness Assembly,Ref Raptor (Pillar joint)",EA,27471
80,NVL,EAD65606211-C,"Ref,Harness Assembly,Raptor2 Q US (Cabinet)",EA,65898
81,NVL,EAD65616818-C,"Oven,Harness Multi,Oven Nova F/S Electric Basic Main",EA,147151
82,NVL,EAD65616820-C,"Oven,Harness Multi,Oven Nova F/S Main",EA,160305
83,NVL,EAD65616822-C,"Oven,Harness Multi,Oven Nova F/S Better Main",EA,160621
84,NVL,EAD65895024-C,"Ref,,Harness Assembly,VS4CK SxS (Case dispenser)",EA,33909
85,NVL,EAD65895024-C-TUBC-101,"Ref,,Harness Assembly,VS4CK SxS (Case dispenser)",EA,523
86,NVL,EAD65896555-C,"VCC Single,,Harness Single,VCC A9S Single",EA,1035
87,NVL,EAD66006017-C,"WM F/L 27,Harness Multi,Victor2 Military Korea",EA,95067
88,NVL,EAD66006018-C,"WM F/L 27,Harness Multi,FX Best US in VH",EA,117882
89,NVL,EAD66006018-C-TUBA-075,"WM F/L 27,Harness Multi,FX Best US in VH",EA,389
90,NVL,EAD66010222-C,"WM F/L 27,Harness Multi,Victor2 CK Main",EA,64103
91,NVL,EAD66065901-C,"Ref,,Harness Assembly,VS4CK SxS (FM-H)",EA,103418
92,NVL,EAD66091501-C,"Ref,,Harness Assembly,Ref Majesty 3D (CF Main)",EA,105637
93,NVL,EAD66091501-C-TUBA-089,"Ref,,Harness Assembly,Ref Majesty 3D (CF Main)",EA,249
94,NVL,EAD66091503-C,"Ref,,Harness Assembly,Ref Majesty 4D (CF Main)",EA,129369
95,NVL,EAD66091503-C-TUBA-089,"Ref,,Harness Assembly,Ref Majesty 4D (CF Main)",EA,249
96,NVL,EAD66091505-C,"Ref,Harness Multi,Ref Majesty 3D Basic (CF Main)",EA,75229
97,NVL,EAD66091505-C-TUBA-089,"Ref,Harness Multi,Ref Majesty 3D (CF Main)",EA,249
98,NVL,FOMA00360NA,",,FOAM PU,5T*80*80(3940EN4006E)",EA,1215
99,NVL,FOMA00392NA,",,FOAM PU,8T*25*100 WH (Non flame retardant)",EA,137
100,NVL,FOMA00399NA,",,FOAM PU,8T*25*80 GY",EA,137
101,NVL,FOMA00597NA,",,FOAM PU,8T*50*80",EA,459
102,NVL,FOME00008NA,",,FOAM EPDM,MDS62150631 (3T*35*35 EPDM)",EA,550
103,NVL,GC-BAGA00006NA,",,PE BAG,100*200",EA,609
104,NVL,GC-CORX00038NA,",,CORE ,OP 18A",EA,1614
105,NVL,GC-HOUX00015NA,",,HOUSING ,611933",EA,451
106,NVL,GC-HOUX00102NA,",,HOUSING ,635571",EA,2588
107,NVL,GC-HOUX00130NA,",,HOUSING ,1-1743165-2",EA,954
108,NVL,GC-HOUX00131NA,",,HOUSING ,1-1743165-5",EA,954
109,NVL,GC-HOUX00205NA,",,HOUSING ,172075-1",EA,329
110,NVL,GC-HOUX00211NA,",,HOUSING ,1743165-1",EA,933
111,NVL,GC-HOUX00212NA,",,HOUSING ,1743165-2",EA,933
112,NVL,GC-HOUX00214NA,",,HOUSING ,1743165-8",EA,933
113,NVL,GC-HOUX00641NA,",,HOUSING ,611163T",EA,431
114,NVL,GC-HOUX00659NA,",,HOUSING ,615042-2",EA,750
115,NVL,GC-HOUX00718NA,",,HOUSING ,621164T",EA,497
116,NVL,GC-HOUX00730NA,",,HOUSING ,621934-5",EA,502
117,NVL,GC-HOUX00804NA,",,HOUSING ,635148T",EA,571
118,NVL,GC-HOUX00806NA,",,HOUSING ,635148T-2",EA,571
119,NVL,GC-HOUX00829NA,",,HOUSING ,70001HS-04A",EA,510
120,NVL,GC-HOUX01108NA,",,HOUSING ,PWAP-07V-WGL1",EA,477
121,NVL,GC-HOUX01114NA,",,HOUSING ,PWAP-11V-WGL1",EA,688
122,NVL,GC-HOUX01124NA,",,HOUSING ,PWBP-04V-WGL1",EA,370
123,NVL,GC-HOUX01127NA,",,HOUSING ,PWBP-06V-3WGL1-H",EA,439
124,NVL,GC-HOUX01128NA,",,HOUSING ,PWBP-06V-WGL1",EA,421
125,NVL,GC-HOUX01130NA,",,HOUSING ,PWBP-06V-WGL1-R",EA,421
126,NVL,GC-HOUX01138NA,",,HOUSING ,PWBR-03VF-WGL1-R",EA,627
127,NVL,GC-HOUX01139NA,",,HOUSING ,PWBR-04VF-WGL1",EA,775
128,NVL,GC-HOUX01149NA,",,HOUSING ,PWCP-03V-3WGL1-H",EA,459
129,NVL,GC-HOUX01195NA,",,HOUSING ,SL-15TF RD",EA,1109
130,NVL,GC-HOUX01204NA,",,HOUSING ,SL-20T",EA,1448
131,NVL,GC-HOUX01206NA,",,HOUSING ,SL-33",EA,768
132,NVL,GC-HOUX01208NA,",,HOUSING ,SL-44",EA,966
133,NVL,GC-HOUX01209NA,",,HOUSING,SL-46",EA,890
134,NVL,GC-HOUX01211NA,",,HOUSING ,SL-48M",EA,553
135,NVL,GC-HOUX01213NA,",,HOUSING ,SL-49P",EA,556
136,NVL,GC-HOUX01215NA,",,HOUSING ,SL-58T",EA,650
137,NVL,GC-HOUX01216NA,",,HOUSING ,SL-58T BL",EA,686
138,NVL,GC-HOUX01217NA,",,HOUSING ,SL-58T RD",EA,650
139,NVL,GC-HOUX01251NA,",,HOUSING ,SMH200-10H",EA,286
140,NVL,GC-HOUX01362NA,",,HOUSING ,SMH600-03D(YE)",EA,375
141,NVL,GC-HOUX01364NA,",,HOUSING ,SMH600-04D",EA,543
142,NVL,GC-HOUX01566NA,",,HOUSING ,YH500-06C(BL)",EA,421
143,NVL,GC-HOUX01687NA,",,HOUSING,SL-12T GY",EA,219
144,NVL,GC-HOUX01923NA,",,HOUSING,625306",EA,303
145,NVL,GC-HOUX01969NA,",,HOUSING ,2369509-1",EA,635
146,NVL,GC-HOUX02023NA,",,HOUSING,SL-18TF WH",EA,908
147,NVL,GC-SELA00034NA,",,SEAL WIRE,SL-15S3 WH",EA,484
148,NVL,GC-SELA00037NA,",,SEAL WIRE,SL-47S2",EA,762
149,NVL,GC-TAPA00076NA,",,TAPE,19MM BK(19*20)",M,227
150,NVL,GC-TAPB00003NA,",,TAPE ACETATE,ACETATE W19",M,1237
151,NVL,GC-TEBX00011NA,",,TERMINAL BLOCK,MEG65559702",EA,8450
152,NVL,GC-TPAX00004NA,",,TPA ,635317",EA,69
153,NVL,GC-TPAX00079NA,",,TPA ,631165-2",EA,117
154,NVL,GC-TPAX00107NA,",,TPA ,635043-1",EA,214
155,NVL,GC-TPAX00110NA,",,TPA ,635149-1",EA,255
156,NVL,GC-TPAX00133NA,",,TPA,70001HS-02RT",EA,112
157,NVL,GC-TPAX00197NA,",,TPA ,PWBS-02V",EA,127
158,NVL,GC-TPAX00198NA,",,TPA ,PWBS-03V",EA,127
159,NVL,GC-TPAX00202NA,",,TPA ,PWCS-03V",EA,176
160,NVL,GC-TPAX00206NA,",,TPA ,SL-15TPA RD",EA,219
161,NVL,GC-TPAX00209NA,",,TPA ,SL-58TPA",EA,296
162,NVL,GC-TPAX00219NA,",,TPA ,SMH200-10HRT(RE)",EA,250
163,NVL,GC-TPAX00244NA,",,TPA ,SMH600-02DRT(RE)",EA,120
164,NVL,GC-TPAX00246NA,",,TPA ,SMH600-03DRT(RE)",EA,130
165,NVL,GC-TPAX00299NA,",,TPA ,YH500-03CRT(RE)",EA,92
166,NVL,GC-TPAX00345NA,",,TPA ,2369511-1",EA,97
167,NVL,GC-TPAX00367NA,",,TPA ,SL-18TPA RD",EA,382
168,NVL,GC-TPAX00375NA,",,TPA,XMS-07V / PWASX-07V-K",EA,235
169,NVL,GC-TPAX00376NA,",,TPA,XMS-11V / PWASX-11V-K",EA,217
170,NVL,HOUX00015NA,",,HOUSING ,611933",EA,578
171,NVL,HOUX00021NA,",,HOUSING ,614538",EA,470
172,NVL,HOUX00027NA,",,HOUSING,615249",EA,1494
173,NVL,HOUX00048NA,",,HOUSING,621174",EA,776
174,NVL,HOUX00052NA,",,HOUSING ,621934",EA,621
175,NVL,HOUX00057NA,",,HOUSING ,624159",EA,863
176,NVL,HOUX00065NA,",,HOUSING ,624537",EA,557
177,NVL,HOUX00070NA,",,HOUSING,625251",EA,1811
178,NVL,HOUX00082NA,",,HOUSING,631130",EA,453
179,NVL,HOUX00133NA,",,HOUSING,1-174712-1",EA,626
180,NVL,HOUX00139NA,",,HOUSING ,1201-12124",EA,767
181,NVL,HOUX00140NA,",,HOUSING ,1201-12126",EA,790
182,NVL,HOUX00182NA,",,HOUSING,1301-12105",EA,1005
183,NVL,HOUX00202NA,",,HOUSING ,171370-5",EA,971
184,NVL,HOUX00211NA,",,HOUSING ,1743165-1",EA,1194
185,NVL,HOUX00212NA,",,HOUSING ,1743165-2",EA,1194
186,NVL,HOUX00213NA,",,HOUSING ,1743165-5",EA,1194
187,NVL,HOUX00224NA,",,HOUSING ,1746063-1",EA,1297
188,NVL,HOUX00234NA,",,HOUSING,176282-1",EA,1285
189,NVL,HOUX00240NA,",,HOUSING,177900-1",EA,582
190,NVL,HOUX00243NA,",,HOUSING,177901-1",EA,658
191,NVL,HOUX00258NA,",,HOUSING,179463-1",EA,758
192,NVL,HOUX00261NA,",,HOUSING,179465-1",EA,1003
193,NVL,HOUX00303NA,",,HOUSING,2005542-1",EA,1804
194,NVL,HOUX00315NA,",,HOUSING,2108504-1",EA,3151
195,NVL,HOUX00316NA,",,HOUSING ,2108505-1",EA,3151
196,NVL,HOUX00341NA,",,HOUSING ,25045HP-04B",EA,793
197,NVL,HOUX00369NA,",,HOUSING ,25048HS-03",EA,221
198,NVL,HOUX00374NA,",,HOUSING,25048HS-04",EA,250
199,NVL,HOUX00383NA,",,HOUSING,25048HS-07",EA,426
200,NVL,HOUX00385NA,",,HOUSING,25048HS-08",EA,537
201,NVL,HOUX00396NA,",,HOUSING,316086-1",EA,381
202,NVL,HOUX00398NA,",,HOUSING,316088-1",EA,644
203,NVL,HOUX00399NA,",,HOUSING ,316089-1",EA,1098
204,NVL,HOUX00400NA,",,HOUSING,316090-1",EA,1035
205,NVL,HOUX00422NA,",,HOUSING,35022-0006",EA,370
206,NVL,HOUX00443NA,",,HOUSING,35127-1000",EA,322
207,NVL,HOUX00444NA,",,HOUSING,35128-0200",EA,345
208,NVL,HOUX00445NA,",,HOUSING,35128-1000",EA,1267
209,NVL,HOUX00448NA,",,HOUSING,35150-0109",EA,829
210,NVL,HOUX00453NA,",,HOUSING ,35150-0209",EA,709
211,NVL,HOUX00457NA,",,HOUSING ,35150-0219",EA,865
212,NVL,HOUX00458NA,",,HOUSING ,35150-0300",EA,1077
213,NVL,HOUX00476NA,",,HOUSING,35150-0619",EA,2124
214,NVL,HOUX00487NA,",,HOUSING,35151-0119",EA,794
215,NVL,HOUX00492NA,",,HOUSING ,35151-0310",EA,772
216,NVL,HOUX00494NA,",,HOUSING ,35151-0319",EA,1530
217,NVL,HOUX00526NA,",,HOUSING ,35184-0200",EA,464
218,NVL,HOUX00611NA,",,HOUSING ,5557-06R(039012060)",EA,1368
219,NVL,HOUX00627NA,",,HOUSING ,610224T",EA,589
220,NVL,HOUX00642NA,",,HOUSING ,611166T",EA,651
221,NVL,HOUX00659NA,",,HOUSING ,615042-2",EA,902
222,NVL,HOUX00661NA,",,HOUSING,615307T",EA,765
223,NVL,HOUX00663NA,",,HOUSING ,615310T",EA,945
224,NVL,HOUX00665NA,",,HOUSING,615570-2",EA,1169
225,NVL,HOUX00666NA,",,HOUSING,615571-1",EA,1781
226,NVL,HOUX00667NA,",,HOUSING,615572-5",EA,1510
227,NVL,HOUX00733NA,",,HOUSING ,622537T",EA,2035
228,NVL,HOUX00739NA,",,HOUSING,624159-2",EA,820
229,NVL,HOUX00743NA,",,HOUSING ,625040-2",EA,1188
230,NVL,HOUX00745NA,",,HOUSING,625306T",EA,496
231,NVL,HOUX00746NA,",,HOUSING,625308T",EA,993
232,NVL,HOUX00750NA,",,HOUSING,625458-2",EA,1035
233,NVL,HOUX00751NA,",,HOUSING,625461-1",EA,2432
234,NVL,HOUX00753NA,",,HOUSING,625483-120",EA,4250
235,NVL,HOUX00820NA,",,HOUSING,65001HS-12",EA,1576
236,NVL,HOUX00827NA,",,HOUSING ,68416-0304",EA,1840
237,NVL,HOUX00847NA,",,HOUSING,917686-1",EA,349
238,NVL,HOUX00848NA,",,HOUSING,917687-1",EA,320
239,NVL,HOUX00850NA,",,HOUSING ,917689-1",EA,627
240,NVL,HOUX00851NA,",,HOUSING ,917689-2",EA,624
241,NVL,HOUX00852NA,",,HOUSING ,917690-1",EA,605
242,NVL,HOUX00853NA,",,HOUSING ,917691-1",EA,902
243,NVL,HOUX00855NA,",,HOUSING ,917692-1",EA,644
244,NVL,HOUX00858NA,",,HOUSING ,917694-1",EA,697
245,NVL,HOUX00861NA,",,HOUSING ,917696-1",EA,1028
246,NVL,HOUX00890NA,",,HOUSING ,CHD1140-05",EA,635
247,NVL,HOUX00978NA,",,HOUSING,EH688.500-007-B35-960-A",EA,4591
248,NVL,HOUX01081NA,",,HOUSING ,PNDP-22V-Z",EA,1345
249,NVL,HOUX01083NA,",,HOUSING,PNDP-24V-Z",EA,1377
250,NVL,HOUX01084NA,",,HOUSING ,PNDP-26V-Z",EA,1589
251,NVL,HOUX01085NA,",,HOUSING,PNDP-34V-R",EA,2169
252,NVL,HOUX01086NA,",,HOUSING ,PNDP-34V-Z",EA,2169
253,NVL,HOUX01106NA,",,HOUSING ,PWAP-05V-WGL1",EA,582
254,NVL,HOUX01110NA,",,HOUSING ,PWAP-08V-WGL1",EA,759
255,NVL,HOUX01114NA,",,HOUSING ,PWAP-11V-WGL1",EA,828
256,NVL,HOUX01120NA,",,HOUSING ,PWBP-03V-WGL1",EA,434
257,NVL,HOUX01122NA,",,HOUSING ,PWBP-03V-WGL1-R",EA,450
258,NVL,HOUX01123NA,",,HOUSING ,PWBP-03V-WGL1-Y",EA,450
259,NVL,HOUX01124NA,",,HOUSING ,PWBP-04V-WGL1",EA,628
260,NVL,HOUX01125NA,",,HOUSING ,PWBP-04V-WGL1-E",EA,475
261,NVL,HOUX01126NA,",,HOUSING ,PWBP-04V-WGL1-Y",EA,525
262,NVL,HOUX01127NA,",,HOUSING ,PWBP-06V-3WGL1-H",EA,528
263,NVL,HOUX01128NA,",,HOUSING ,PWBP-06V-WGL1",EA,542
264,NVL,HOUX01130NA,",,HOUSING ,PWBP-06V-WGL1-R",EA,522
265,NVL,HOUX01131NA,",,HOUSING ,PWBP-08V-WGL1",EA,1085
266,NVL,HOUX01132NA,",,HOUSING ,PWBP-10V-WGL1",EA,1153
267,NVL,HOUX01136NA,",,HOUSING ,PWBR-03VF-WGL1",EA,1073
268,NVL,HOUX01137NA,",,HOUSING ,PWBR-03VF-WGL1-E",EA,821
269,NVL,HOUX01139NA,",,HOUSING ,PWBR-04VF-WGL1",EA,1347
270,NVL,HOUX01145NA,",,HOUSING ,PWBR-10VF-WGL1",EA,922
271,NVL,HOUX01146NA,",,HOUSING ,PWBR-10V-WGL1",EA,1005
272,NVL,HOUX01148NA,",,HOUSING ,PWBR-12V-WGL1",EA,1206
273,NVL,HOUX01149NA,",,HOUSING ,PWCP-03V-3WGL1-H",EA,554
274,NVL,HOUX01152NA,",,HOUSING ,PWCP-03V-WGL1-R",EA,542
275,NVL,HOUX01156NA,",,HOUSING ,PWCP-04V-WGL1-R",EA,723
276,NVL,HOUX01160NA,",,HOUSING ,PWEP-03V-WGL1-S",EA,1378
277,NVL,HOUX01191NA,",,HOUSING ,SL-12T",EA,281
278,NVL,HOUX01194NA,",,HOUSING ,SL-15TF",EA,1557
279,NVL,HOUX01195NA,",,HOUSING ,SL-15TF RD",EA,1409
280,NVL,HOUX01204NA,",,HOUSING ,SL-20T",EA,1838
281,NVL,HOUX01206NA,",,HOUSING ,SL-33",EA,975
282,NVL,HOUX01210NA,",,HOUSING ,SL-46T",EA,1172
283,NVL,HOUX01211NA,",,HOUSING ,SL-48M",EA,702
284,NVL,HOUX01213NA,",,HOUSING ,SL-49P",EA,669
285,NVL,HOUX01215NA,",,HOUSING ,SL-58T",EA,825
286,NVL,HOUX01216NA,",,HOUSING ,SL-58T BL",EA,825
287,NVL,HOUX01217NA,",,HOUSING ,SL-58T RD",EA,825
288,NVL,HOUX01225NA,",,HOUSING ,SMH200-03H",EA,194
289,NVL,HOUX01234NA,",,HOUSING ,SMH200-05H",EA,238
290,NVL,HOUX01238NA,",,HOUSING ,SMH200-06",EA,238
291,NVL,HOUX01239NA,",,HOUSING ,SMH200-06H",EA,251
292,NVL,HOUX01241NA,",,HOUSING ,SMH200-07H",EA,370
293,NVL,HOUX01245NA,",,HOUSING,SMH200-08H",EA,403
294,NVL,HOUX01251NA,",,HOUSING ,SMH200-10H",EA,337
295,NVL,HOUX01259NA,",,HOUSING,SMH200-13H",EA,413
296,NVL,HOUX01362NA,",,HOUSING ,SMH600-03D(YE)",EA,726
297,NVL,HOUX01364NA,",,HOUSING ,SMH600-04D",EA,629
298,NVL,HOUX01440NA,",,HOUSING ,VHR-1N-WGL1-1",EA,699
299,NVL,HOUX01476NA,",,HOUSING,XMP-16V-WGL1",EA,3951
300,NVL,HOUX01478NA,",,HOUSING,XMR-16V(LG)",EA,5264
301,NVL,HOUX01505NA,",,HOUSING,YDH236-02B1 YL",EA,421
302,NVL,HOUX01519NA,",,HOUSING,YH396-03JR",EA,264
303,NVL,HOUX01531NA,",,HOUSING ,YH396-05JR",EA,330
304,NVL,HOUX01538NA,",,HOUSING,YH396-06JR",EA,363
305,NVL,HOUX01540NA,",,HOUSING ,YH396-07JR",EA,418
306,NVL,HOUX01548NA,",,HOUSING ,YH396-09JR",EA,534
307,NVL,HOUX01553NA,",,HOUSING,YH396-11JR",EA,556
308,NVL,HOUX01562NA,",,HOUSING,YH396-H05PL",EA,1600
309,NVL,HOUX01563NA,",,TPA ,YH396-H05PR(RE)",EA,706
310,NVL,HOUX01566NA,",,HOUSING ,YH500-06C(BL)",EA,502
311,NVL,HOUX01576NA,",,HOUSING,YLP-03V",EA,681
312,NVL,HOUX01594NA,",,HOUSING,YLR-03VF",EA,1044
313,NVL,HOUX01605NA,",,HOUSING,YLR-16V",EA,3866
314,NVL,HOUX01659NA,",,HOUSING,PNDP-28V-Z",EA,1906
315,NVL,HOUX01694NA,",,HOUSING,204102-0429(NT)",EA,2889
316,NVL,HOUX01731NA,",,HOUSING,SMH200-H08PR",EA,775
317,NVL,HOUX01842NA,",,HOUSING,2369507-1",EA,829
318,NVL,HOUX01867NA,",,HOUSING ,5037-5023(5264-02)",EA,220
319,NVL,HOUX01875NA,",,HOUSING ,35155-0200",EA,264
320,NVL,HOUX01879NA,",,HOUSING ,3901-2040(5557-04R)",EA,1002
321,NVL,HOUX01880NA,",,HOUSING ,3901-2080(5557-08R)",EA,1784
322,NVL,HOUX01881NA,",,HOUSING ,3901-2100(5557-10R)",EA,2297
323,NVL,HOUX01882NA,",,HOUSING ,3901-2120(5557-12R)",EA,2541
324,NVL,HOUX01884NA,",,HOUSING ,3901-2021(5559-02P)",EA,1028
325,NVL,HOUX01885NA,",,HOUSING ,35155-0300",EA,381
326,NVL,HOUX01931NA,",,HOUSING ,625311T",EA,1069
327,NVL,HOUX01932NA,",,HOUSING,625311T-2",EA,1069
328,NVL,HOUX01936NA,",,HOUSING,625316T-2",EA,2185
329,NVL,HOUX01940NA,",,HOUSING ,20017HS-02000",EA,228
330,NVL,HOUX01969NA,",,HOUSING ,2369509-1",EA,806
331,NVL,HOUX02056NA,",,HOUSING,2369505-1",EA,906
332,NVL,HOUX02060NA,",,HOUSING,SMH200-H10H3",EA,403
333,NVL,HOUX02074NA,",,HOUSING,SMH200-H02H3",EA,221
334,NVL,HOUX02087NA,",,HOUSING,ZNDP-22V-A-S",EA,1599
335,NVL,HOUX02121NA,",,HOUSING,EH688.500-007-A-A35-960-A",EA,4910
336,NVL,HOUX02468NA,"HOUSING,SMH200-H05H3",EA,297
337,NVL,HOUX02491NA,",,HOUSING,PNDP-26V-R",EA,1576
338,NVL,HOUX02529NA,",,HOUSING,XMR-18VF-WGL1",EA,4504
339,NVL,HOUX02573NA,",,HOUSING ,SMH200-H13H3",EA,509
340,NVL,HOUX02625NA,",,HOUSING,625488-024",EA,4846
341,NVL,HOUX02724NA,",,HOUSING,85002HP-06",EA,2158
342,NVL,HOUX02742NA,",,HOUSING,XMR-16V-1WGL1",EA,4603
343,NVL,HOUX02758NA,",,HOUSING,85002HS-04",EA,1487
344,NVL,HOUX02759NA,",,HOUSING,85002HS-02",EA,1168
345,NVL,MLDA00207NA,",,MOLD SUPPORTER HOUSING,MEG66727703",EA,2672
346,NVL,SELA00029NA,",,SEAL WIRE,PWEG-03",EA,533
347,NVL,SELA00032NA,",,SEAL WIRE,SL-15S2(GY)",EA,1313
348,NVL,SELA00035NA,",,SEAL WIRE,SL-15S3(GY)",EA,603
349,NVL,SELA00036NA,",,SEAL WIRE,SL-47S1",EA,1005
350,NVL,SELA00037NA,",,SEAL WIRE,SL-47S2",EA,1005
351,NVL,SELA00066NA,",,SEAL WIRE,2404009-1",EA,697
352,NVL,SLVA00014NA,",,SLEEVE,DFA18-2.8(UL)",EA,91
353,NVL,SLVB00006NA,",,SLEEVE SILICONE,SDFFN(신)25-4.0",EA,699
354,NVL,TAPA00013NA,",,TAPE PVC,PVC W19*20 BK",M,269
355,NVL,TAPA00081NA,",,TAPE PVC,PVC W19*20 RD",M,267
356,NVL,TAPB00003NA,",,TAPE ACETATE,ACETATE W19",M,1569
357,NVL,TAPB00010NA,",,ACETATE W50*30,TAPE ACETATE",M,4802
358,NVL,TAPB00012NA,",,TAPE ACETATE,ACETATE W60*30",M,4493
359,NVL,TAPC00001NA,",,TAPE ALUMINIUM,ALUMINIUM W10*50",M,694
360,NVL,TAPD00013NA,",,TAPE COTTON,COTTON W40",M,1072
361,NVL,TAPD00021NA,",,TAPE COTTON,COTTON W75*20 WH",M,0
362,NVL,TPAX00001NA,",,TPA,35129-0200",EA,3170
363,NVL,TPAX00004NA,",,TPA ,635317",EA,87
364,NVL,TPAX00005NA,",,TPA ,P635318",EA,100
365,NVL,TPAX00009NA,",,TPA,1201-18224",EA,285
366,NVL,TPAX00010NA,",,TPA ,1201-18226",EA,285
367,NVL,TPAX00015NA,",,TPA,1301-18205",EA,314
368,NVL,TPAX00026NA,",,TPA ,1746076-1",EA,791
369,NVL,TPAX00027NA,",,TPA,177918-1",EA,238
370,NVL,TPAX00028NA,",,TPA ,177919-1",EA,251
371,NVL,TPAX00035NA,",,TPA,2005543-5",EA,845
372,NVL,TPAX00047NA,",,TPA,35129-0500",EA,1710
373,NVL,TPAX00048NA,",,TPA ,35150-0290",EA,116
374,NVL,TPAX00051NA,",,TPA ,35150-0390",EA,147
375,NVL,TPAX00053NA,",,TPA,35182-0190",EA,161
376,NVL,TPAX00055NA,",,TPA,35182-0290",EA,268
377,NVL,TPAX00080NA,",,TPA ,631168-2",EA,187
378,NVL,TPAX00084NA,",,TPA,631228-5",EA,84
379,NVL,TPAX00086NA,",,TPA ,631230-5",EA,206
380,NVL,TPAX00097NA,",,TPA ,634164-2",EA,269
381,NVL,TPAX00101NA,",,TPA ,634487-2",EA,218
382,NVL,TPAX00107NA,",,TPA ,635043-1",EA,264
383,NVL,TPAX00111NA,",,TPA ,635252-2",EA,394
384,NVL,TPAX00116NA,",,TPA,635620-2",EA,1119
385,NVL,TPAX00117NA,",,TPA ,635636-3",EA,293
386,NVL,TPAX00132NA,",,TPA,65001HS-06RT",EA,221
387,NVL,TPAX00139NA,",,TPA,917698-1",EA,345
388,NVL,TPAX00140NA,",,TPA,917699-1",EA,348
389,NVL,TPAX00141NA,",,TPA ,917700-1",EA,322
390,NVL,TPAX00142NA,",,TPA ,917701-1",EA,281
391,NVL,TPAX00143NA,",,TPA ,917702-1",EA,405
392,NVL,TPAX00144NA,",,TPA,917703-1",EA,491
393,NVL,TPAX00145NA,",,TPA ,917704-1",EA,554
394,NVL,TPAX00146NA,",,TPA ,917705-1",EA,516
395,NVL,TPAX00147NA,",,TPA ,917706-1",EA,500
396,NVL,TPAX00149NA,",,TPA ,917708-1",EA,494
397,NVL,TPAX00183NA,",,TPA ,HL-N1140-06",EA,199
398,NVL,TPAX00197NA,",,TPA ,PWBS-02V",EA,162
399,NVL,TPAX00198NA,",,TPA ,PWBS-03V",EA,156
400,NVL,TPAX00199NA,",,TPA ,PWBS-04V",EA,226
401,NVL,TPAX00200NA,",,TPA ,PWBS-05V",EA,354
402,NVL,TPAX00201NA,",,TPA ,PWCS-02V",EA,226
403,NVL,TPAX00202NA,",,TPA ,PWCS-03V",EA,218
404,NVL,TPAX00203NA,",,TPA ,PWES-03V-R",EA,712
405,NVL,TPAX00205NA,",,TPA ,SL-15TPA",EA,309
406,NVL,TPAX00206NA,",,TPA ,SL-15TPA RD",EA,280
407,NVL,TPAX00209NA,",,TPA ,SL-58TPA",EA,357
408,NVL,TPAX00211NA,",,TPA ,SMH200-02HRT(RE)",EA,143
409,NVL,TPAX00212NA,",,TPA ,SMH200-03HRT(RE)",EA,170
410,NVL,TPAX00214NA,",,TPA ,SMH200-05HRT(RE)",EA,212
411,NVL,TPAX00215NA,",,TPA ,SMH200-06HRT(RE)",EA,224
412,NVL,TPAX00216NA,",,TPA ,SMH200-07HRT(RE)",EA,267
413,NVL,TPAX00217NA,",,TPA,SMH200-08HRT",EA,291
414,NVL,TPAX00219NA,",,TPA ,SMH200-10HRT(RE)",EA,305
415,NVL,TPAX00222NA,",,TPA,SMH200-13HRT(RE)",EA,374
416,NVL,TPAX00229NA,",,TPA ,SMH250J-03RT(RE)",EA,193
417,NVL,TPAX00231NA,",,TPA ,SMH250J-04RT(RE)",EA,181
418,NVL,TPAX00234NA,",,TPA,SMH250J-07RT(RE)",EA,287
419,NVL,TPAX00235NA,",,TPA,SMH250J-08RT(RE)",EA,294
420,NVL,TPAX00244NA,",,TPA ,SMH600-02DRT(RE)",EA,142
421,NVL,TPAX00246NA,",,TPA ,SMH600-03DRT(RE)",EA,227
422,NVL,TPAX00272NA,",,TPA ,XMS-11V(PWASX-11V)",EA,270
423,NVL,TPAX00279NA,",,TPA,YH396-03JRT(RE)",EA,219
424,NVL,TPAX00282NA,",,TPA ,YH396-05JRT(RE)",EA,256
425,NVL,TPAX00284NA,",,TPA,YH396-06JRT(RE)",EA,273
426,NVL,TPAX00285NA,",,TPA ,YH396-07JRT(RE)",EA,299
427,NVL,TPAX00288NA,",,TPA ,YH396-09JRT(RE)",EA,364
428,NVL,TPAX00291NA,",,TPA,YH396-11JRT(RE)",EA,375
429,NVL,TPAX00299NA,",,TPA ,YH500-03CRT(RE)",EA,109
430,NVL,TPAX00303NA,",,TPA ,YLS-03V",EA,377
431,NVL,TPAX00307NA,",,TPA,YLS-16V",EA,779
432,NVL,TPAX00336NA,",,TPA ,2369510-1",EA,132
433,NVL,TPAX00345NA,",,TPA ,2369511-1",EA,123
434,NVL,TPAX00371NA,",,TPA,XMS-09V-K",EA,0
435,NVL,TPAX00373NA,",,TPA,XMS-08V / PWASX-08V-K",EA,315
436,NVL,TPAX00376NA,",,TPA,XMS-11V / PWASX-11V-K",EA,411
437,NVL,TPAX00381NA,",,TPA,XMS-05V / PWASX-05V-K",EA,199
438,NVL,TPAX00383NA,",,TPA,PNDS-34V-K",EA,1210
439,NVL,TPAX00385NA,",,TPA,PNDS-22V-K",EA,834
440,NVL,TPAX00386NA,",,TPA,PNDS-24V-K",EA,834
441,NVL,TPAX00388NA,",,TPA,PNDS-26V-K",EA,907
442,NVL,TPAX00389NA,",,TPA,ZNDS-22V-K",EA,968
443,NVL,TPAX00495NA,",,TPA,PNDS-28V-K",EA,1025
444,NVL,TPAX00563NA,",,TPA,85002RT-H03",EA,192
445,NVL,TPAX00567NA,",,TPA,635955-210",EA,929
446,NVL,TPAX00568NA,",,TPA,635956-214",EA,865
447,NVL,TPAX00572NA,",,TPA,85002RT-H03B(RE)",EA,350
448,NVL,TPAX00573NA,",,TPA,85002RT-H03A",EA,350
449,NVL,TUBA00116NA,",,TUBE PVC,PVC NUMBERING WH 3.2PHI (CN19/12MM)",EA,88
450,NVL,TUBA00117NA,",,TUBE PVC,PVC NUMBERING WH 3.2PHI (MBP/10MM)",EA,74
451,NVL,TUBA00118NA,",,TUBE PVC,PVC NUMBERING WH 3.2PHI (CDUP/12MM)",EA,88
452,NVL,TUBA00119NA,",,TUBE PVC,PVC NUMBERING WH 3.2PHI (CDU/10MM)",EA,74
453,NVL,TUBA00120NA,",,TUBE PVC,PVC NUMBERING WH 3.2PHI (CN16/12MM)",EA,88
454,NVL,TUBA00125NA,",,TUBE PVC,PVC NUMBERING WH 3.2PHI (SPRP/12MM)",EA,88
455,NVL,TUBA00126NA,",,TUBE PVC,PVC NUMBERING WH 3.2PHI (SPR/10MM)",EA,74
456,NVL,TUBA00136NA,",,TUBE PVC,PVC NUMBERING WH 3.2PHI (SPR2/12MM)",EA,88
457,NVL,TUBA00232NA,",,TUBE PVC,PVC NUMBERING WH 3.2PHI (P/S(MBP)/12MM)",EA,88
458,NVL,TUBA00235NA,",,TUBE PVC,PVC NUMBERING WH 3.2PHI (SENS/12MM)",EA,88
459,NVL,TUBA00240NA,",,TUBE PVC,PVC NUMBERING WH 3.2PHI (CDUF IF/12MM)",EA,88
460,NVL,TUBA00241NA,",,TUBE PVC,PVC NUMBERING WH 3.2PHI (CDUF/12MM)",EA,88
461,NVL,TUBA00249NA,",,TUBE PVC,PVC NUMBERING WH 3.2PHI (LED-D/12MM)",EA,88
462,NVL,TUBA00251NA,",,TUBE PVC,PVC NUMBERING WH 3.2PHI (HUB PWR/12MM)",EA,110
463,NVL,TUBA00255NA,",,TUBE PVC,PVC NUMBERING WH 3.2PHI (LED/12MM)",EA,88
464,NVL,TUBA00256NA,",,TUBE PVC,PVC NUMBERING WH 3.2PHI (LED-C/12MM)",EA,88
465,NVL,TUBA00261NA,",,TUBE PVC,PVC NUMBERING WH 3.2PHI (PS-CDU/12MM)",EA,88
466,NVL,EAD61212389-C,"WM F/L24,Harness Single,FL24 VX 550 WD",EA,3503
467,NVL,EAD63647078-C,"Dish Washer XF5,6 Dry Module,Harness Multi,Harness Main",EA,107513
468,NVL,EAD63647078-C-TUBA-083,"Dish Washer XF5,6 Dry Module,Harness Multi,Harness Main",EA,1917
469,NVL,EAD63707525-C,"Dish Washer XF5,6 Dry Module,Harness Single,Harness PCB Joint",EA,3043
470,NVL,EAD63707539-C,"Dish Washer XF5,6 Dry Module,Harness Single,Harness Display",EA,2151
471,NVL,EAD63707540-C,"Dish Washer XF5,6 Dry Module,Harness Single,Harness Mood Light",EA,1220
472,NVL,EAD64169023-C,"WM F/L24,,Harness Multi,FL24 Vivace V500 WD Chile",EA,140922
473,NVL,EAD64169033-C,"WM F/L24,Harness Multi,FL24 VX 550 WD",EA,163959
474,NVL,EAD64545339-A-C,"WM F/L 27 CKD,,Harness Multi,Victor 2 Refresh better TN",EA,76559
475,NVL,EAD66006019-C,"WM F/L 27,Harness Multi,Victor2 Win Indonesia",EA,90644
476,NVL,HOUX00161NA,",,HOUSING,12507HS-04L",EA,270
477,NVL,HOUX00378NA,",,HOUSING ,25048HS-05",EA,295
478,NVL,HOUX00539NA,",,HOUSING ,35189-0390",EA,1499
479,NVL,HOUX00589NA,",,HOUSING ,49506-0700",EA,2388
480,NVL,HOUX00789NA,",,HOUSING ,634528T",EA,646
481,NVL,HOUX01095NA,",,HOUSING ,PS-250-2B-11-WGL1-KBR",EA,1338
482,NVL,HOUX01107NA,",,HOUSING ,PWAP-06V-WGL1",EA,606
483,NVL,HOUX01113NA,",,HOUSING ,PWAP-10V-WGL1",EA,722
484,NVL,HOUX01121NA,",,HOUSING ,PWBP-03V-WGL1-E",EA,520
485,NVL,HOUX01190NA,",,HOUSING ,SL-11T",EA,1204
486,NVL,HOUX01200NA,",,HOUSING ,SL-19T",EA,1135
487,NVL,HOUX01273NA,",,HOUSING ,SMH200-H04PR",EA,762
488,NVL,HOUX01320NA,",,HOUSING ,SMH250-06",EA,253
489,NVL,HOUX01958NA,",,HOUSING ,SL-46T (CY404)",EA,1090
490,NVL,HOUX01959NA,",,HOUSING ,610876P-2 (TJC6201-3Y BL)",EA,908
491,NVL,HOUX01960NA,",,HOUSING ,SL-33 (CY364)",EA,797
492,NVL,HOUX01961NA,",,HOUSING ,1743492-1 WH (CY375 WH)",EA,663
493,NVL,HOUX01962NA,",,HOUSING ,1743492-1 GY (CY375 GY)",EA,763
494,NVL,HOUX01995NA,",,HOUSING,25045HP-06B",EA,820
495,NVL,HOUX02048NA,",,HOUSING ,2369508-1",EA,533
496,NVL,HOUX02061NA,",,HOUSING,SMH200-H12H3",EA,489
497,NVL,HOUX02064NA,",,HOUSING,2369504-1",EA,473
498,NVL,HOUX02103NA,",,HOUSING,YH500-H02F",EA,1495
499,NVL,HOUX02142NA,",,HOUSING,SL-59T",EA,821
500,NVL,HOUX02305NA,",,HOUSING,PNDP-34V-E",EA,1063
501,NVL,HOUX02544NA,",,HOUSING,SMH200-H04H3",EA,254
502,NVL,HOUX02555NA,",,HOUSING,SMH200-H06H3",EA,318
503,NVL,HOUX02605NA,",,HOUSING,SMH200-H11H3",EA,445
504,NVL,SELA00031NA,",,SEAL WIRE,SL-15S2 WH",EA,684
505,NVL,SLVB00001NA,",,SLEEVE SILICONE,SDFAN187NR",EA,913
506,NVL,SLVB00002NA,",,SLEEVE SILICONE,SDFAN 250NR (FLAME RETARDANT)",EA,882
507,NVL,TPAX00065NA,",,TPA ,49507-0790",EA,1642
508,NVL,TPAX00153NA,",,TPA ,CYS375-YL",EA,354
509,NVL,TPAX00213NA,",,TPA ,SMH200-04HRT(RE)",EA,229
510,NVL,TPAX00220NA,",,TPA ,SMH200-11HRT(RE)",EA,400
511,NVL,TPAX00221NA,",,TPA,SMH200-12HRT(RE)",EA,338
512,NVL,TPAX00232NA,",,TPA ,SMH250J-05RT(RE)",EA,176
513,NVL,TPAX00233NA,",,TPA ,SMH250J-06RT(RE)",EA,185
514,NVL,TPAX00251NA,",,TPA ,TJC6201-3AYS RD",EA,359
515,NVL,TPAX00377NA,",,TPA,XMS-10V / PWASX-10V-K",EA,297
516,NVL,TPAX00384NA,",,TPA,XMS-06V / PWASX-06V-K",EA,232
517,NVL,TPAX00391NA,",,TPA,YH500-02FRT(RE)",EA,380
518,NVL,TPAX00402NA,",,TPA,SL-59TPA",EA,512
